venue_id,venue_name,issn
7f0aed04-6acc-47e8-b40c-f9b31e0155b9,SUSTAINABILITY,
25927027-cb90-4e7f-ad3a-ef53863b0375,BUILDINGS,
ae2950c3-9eb3-430c-a06c-455bd51f1787,AIN SHAMS ENGINEERING JOURNAL,2090-4479
098c5f0e-dcde-4e02-b0fd-c72419c8ccbb,JOURNAL OF BUILDING ENGINEERING,
e8a9eb5a-f188-4594-a816-78c9b327fd00,AUTOMATION IN CONSTRUCTION,0926-5805
99e8e132-2c95-4631-9a0c-fe2fb9822fff,APPLIED SCIENCES-BASEL,
2d8108e4-73dc-48e4-bbbd-7452b12a1e4c,ENGINEERING CONSTRUCTION AND ARCHITECTURAL MANAGEMENT,0969-9988
efe292a8-0cc7-424e-910b-ff0e2e246ff5,SCIENTIFIC REPORTS,2045-2322
c9b60149-ccee-4cb0-9506-f382b062a235,CLEANER ENVIRONMENTAL SYSTEMS,2666-7894
84e0d7ff-f3e2-425f-8ca4-78b4f4df6e63,COMPUTERS IN INDUSTRY,0166-3615
62e31214-b768-48c9-8e3a-788c0b36d647,JOURNAL OF INFORMATION TECHNOLOGY IN CONSTRUCTION,1874-4753
73932822-7698-46b2-af32-f6e2b708d06e,ENG,
4cd94712-467f-41d7-8f85-05eaf8678228,ADVANCED ENGINEERING INFORMATICS,1474-0346
3d033755-d313-4788-90f1-d5a6d0ac846f,JOURNAL OF CONSTRUCTION ENGINEERING AND MANAGEMENT,0733-9364
ef466883-8c05-4a89-9d17-0737851b98e2,JOURNAL OF LEGAL AFFAIRS AND DISPUTE RESOLUTION IN ENGINEERING AND CONSTRUCTION,1943-4162
7fcff8ec-f924-4e17-869d-d1c98ef68d2b,ENGINEERING TECHNOLOGY & APPLIED SCIENCE RESEARCH,2241-4487
fb61402f-f628-454c-8b35-c808d1719b34,TECHNOLOGIES,
02623211-c9fe-45df-8ede-e3c708d11c34,REMOTE SENSING,
7de08bd0-b46b-4549-9933-8073a17d68bb,ARCHITECTURAL SCIENCE REVIEW,0003-8628
16fa5918-6b7f-4a2a-8090-016621986c95,BUILDING AND ENVIRONMENT,0360-1323
9bd55e6a-9217-4d37-9df8-f8087482f14f,INTERNATIONAL JOURNAL OF CONSTRUCTION MANAGEMENT,1562-3599
1cf5614e-7f15-4f08-aa9b-2887c55a7868,JOURNAL OF MANAGEMENT IN ENGINEERING,0742-597X
d9fe457c-7612-45c9-8689-995f23cffafe,JOURNAL OF CIVIL ENGINEERING AND MANAGEMENT,1392-3730
55344554-eed3-4dfa-aed1-9c56c7690928,JOURNAL OF ASIAN ARCHITECTURE AND BUILDING ENGINEERING,1346-7581
fe9e8194-b06d-4bce-9045-e71594377183,ASIAN JOURNAL OF ENDOSCOPIC SURGERY,1758-5902
729aeb53-84e1-4aa0-870a-af7fbe8c43f0,"PROCEEDINGS OF THE 29TH INTERNATIONAL CONFERENCE OF THE ASSOCIATION FOR COMPUTER-AIDED ARCHITECTURAL DESIGN RESEARCH IN ASIA, CAADRIA 2024, VOL 1",2710-4257
d101b554-47b5-406d-872b-a198cb4513fc,INTERNATIONAL JOURNAL OF INDUSTRIAL ERGONOMICS,0169-8141
94192889-fda4-43f1-b538-ef6b6eab2f7b,FRONTIERS IN BUILT ENVIRONMENT,
9840209f-6f3d-46c0-803b-51c9c58a0d97,INTERNATIONAL JOURNAL OF SUSTAINABLE CONSTRUCTION ENGINEERING AND TECHNOLOGY,2180-3242
abcf6dda-eb14-42d6-89eb-87b87b231564,INFRASTRUCTURE ASSET MANAGEMENT,2053-0242
e6c38e50-11aa-46c4-802d-dd87db0b9032,INFRASTRUCTURES,
0b59795c-f608-4a98-8ceb-9e769cb0ccd2,CONSTRUCTION MANAGEMENT AND ECONOMICS,0144-6193
18bf90a3-5654-42b2-b9de-c8208419001f,CASE STUDIES IN CONSTRUCTION MATERIALS,2214-5095
217ff82f-07ba-4339-b71b-e7c430497cb3,BENCHMARKING-AN INTERNATIONAL JOURNAL,1463-5771
5b516520-62e1-4555-ad9c-ea477592af33,FACILITIES,0263-2772
073e71be-2c4b-4c43-a599-85c572929246,BRAZILIAN JOURNAL OF OPERATIONS & PRODUCTION MANAGEMENT,2237-8960
fc269048-209a-45f7-be9b-b3a2aa78e276,CLEANER ENGINEERING AND TECHNOLOGY,2666-7908
8c3456e5-8ca8-4d6a-a1cb-d5bdb7af3b4a,ARCHITECTURAL ENGINEERING AND DESIGN MANAGEMENT,1745-2007
7d61f16e-4cd7-4ecd-8850-40eff1754f32,JOURNAL OF ZHEJIANG UNIVERSITY-SCIENCE B,1673-1581
e1dda556-45c2-4e8b-9462-3125be8fb831,CANADIAN JOURNAL OF CIVIL ENGINEERING,0315-1468
695e1477-c1b2-4b4d-8138-cfa4e7849357,APPLIED SYSTEM INNOVATION,
ff580c7e-869d-44cd-866b-e76fea6727d1,"SDGS IN CONSTRUCTION ECONOMICS AND ORGANIZATION, CREON 2022",2198-7246
136c671b-468f-41d0-bc5b-d8fa37dd23bb,ADVANCES IN CIVIL ENGINEERING,1687-8086
d0794393-9f75-4be6-91bc-e5d5b6d078a6,JOURNAL OF CLEANER PRODUCTION,0959-6526
5e62889d-f308-4d63-a7e8-c3596977e698,SMART AND SUSTAINABLE BUILT ENVIRONMENT,2046-6099
8bf3dfa7-50d3-479a-8779-7d4cc79e7ed3,TECHNOLOGY IN SOCIETY,0160-791X
cda7095b-fd63-4f0e-9360-4e9efdab9e96,CONSTRUCTION INNOVATION-ENGLAND,1471-4175
02fce580-9a74-4ee9-b8da-9bd451575f6f,IRANIAN JOURNAL OF SCIENCE AND TECHNOLOGY-TRANSACTIONS OF CIVIL ENGINEERING,2228-6160
df85e844-4c92-45b2-8b08-1529a6f36c8b,INTERNATIONAL JOURNAL OF BUILT ENVIRONMENT AND SUSTAINABILITY,1511-1369
89d8ecf6-360d-439b-93f2-d0ef1a0bd0fd,INTELLIGENT BUILDINGS INTERNATIONAL,1750-8975
dd1dd0b3-9266-421a-b823-da7d07206a25,ENERGY AND BUILDINGS,0378-7788
3d7ebf88-b671-45d7-ad1a-3c6ca3b12804,KSCE JOURNAL OF CIVIL ENGINEERING,1226-7988
dd6d31ab-8deb-44c7-94ef-507ad5a3ca33,TUNNELLING AND UNDERGROUND SPACE TECHNOLOGY,0886-7798
0560a7f7-3dd5-4090-862f-f3c2e627d318,SIGNAL TRANSDUCTION AND TARGETED THERAPY,2095-9907
adcf302c-f7a4-4526-8358-0c98c9611d99,FRONTIERS OF ENGINEERING MANAGEMENT,2095-7513
2edfd04b-0c82-4231-afdc-1445068f8960,DEVELOPMENTS IN THE BUILT ENVIRONMENT,
6bb05897-4068-4255-8b44-51284a2e2c94,INTERNATIONAL JOURNAL OF BUILDING PATHOLOGY AND ADAPTATION,2398-4708
13eec6d7-7236-41ca-af62-a0fdb4152c2e,SENSORS,
2c260727-39e5-4a47-b176-47482f4697d5,JOURNAL OF URBAN PLANNING AND DEVELOPMENT,0733-9488
ab7648f9-c70f-4ebc-9efa-3b298072f9ed,OPEN HOUSE INTERNATIONAL-SUSTAINABLE & SMART ARCHITECTURE AND URBAN STUDIES,0168-2601
a98a8f04-f760-4b90-a5b6-601f1f88342d,PRACTICE PERIODICAL ON STRUCTURAL DESIGN AND CONSTRUCTION,1084-0680
faa41784-35b1-4a98-ad22-0857d1453080,"CONSTRUCTION RESEARCH CONGRESS 2022: COMPUTER APPLICATIONS, AUTOMATION, AND DATA ANALYTICS",
4d89bbfa-fffc-4088-a694-9dc9573a3c9f,EUROPEAN JOURNAL OF ENGINEERING EDUCATION,0304-3797
7ec720bb-56de-4e4a-8fd2-ab0123f0c180,JOURNAL OF FACILITIES MANAGEMENT,1472-5967
68a8dfa7-5542-45e7-8aad-9dee79930353,GEO-SPATIAL INFORMATION SCIENCE,1009-5020
a93e8ff5-aa20-401e-8dd9-956186af6565,INTERNATIONAL JOURNAL OF PROJECT MANAGEMENT,0263-7863
7bcc6fa8-3810-4a6f-8b53-70c472eb6c72,INTERNATIONAL JOURNAL OF SYSTEM ASSURANCE ENGINEERING AND MANAGEMENT,0975-6809
9d7d2d4a-9b4c-470c-a79a-ce6a2afb78f1,ENERGIES,
4c044d93-a52c-4e68-9a08-af9f30ed677f,SCIENCE OF THE TOTAL ENVIRONMENT,0048-9697
8726572b-2bb8-4318-81a4-c1ec680aff2c,JOURNAL OF THE SOUTH AFRICAN INSTITUTION OF CIVIL ENGINEERING,1021-2019
bedf0271-e730-45f2-8a95-93a27edbad94,JOURNAL OF CONSTRUCTION IN DEVELOPING COUNTRIES,1823-6499
6863e3fa-81c2-4b19-868c-bd3cf9b0c235,INTERNATIONAL TRANSACTION JOURNAL OF ENGINEERING MANAGEMENT & APPLIED SCIENCES & TECHNOLOGIES,2228-9860
62a95a4b-6040-4466-8260-8c41d400248a,PROCEEDINGS OF THE 3RD INTERNATIONAL CONFERENCE ON GREEN ENVIRONMENTAL ENGINEERING AND TECHNOLOGY (ICONGEET 2021),2366-2557
00ec81fe-0724-4fc7-a771-5952aa24f4af,NEUROSCIENCE BULLETIN,1673-7067
860fefd7-87c7-4204-be7f-50d37cdb40ef,MOBILE INFORMATION SYSTEMS,1574-017X
15bd0920-3ed3-4905-94c2-b29a6b18b554,ENGINEERING RESEARCH EXPRESS,2631-8695
db6c6c37-4ed7-4ae3-946a-0d8a8a104921,ARCHIVES OF COMPUTATIONAL METHODS IN ENGINEERING,1134-3060
c4fb8625-6fe3-4986-a051-700c34740e1e,JOURNAL OF COMPUTATIONAL DESIGN AND ENGINEERING,
08b7e316-b606-461a-b2c6-e22b8742490a,BUILDING RESEARCH AND INFORMATION,0961-3218
8c46bee5-e639-4377-9325-44adc05c3a0a,PRODUCTION PLANNING & CONTROL,0953-7287
b0d2ec56-31d8-4811-be55-6c3e91fc5b53,JOURNAL OF FINANCIAL MANAGEMENT OF PROPERTY AND CONSTRUCTION,1366-4387
54b2c943-0525-4e13-9398-5ecf4d2daa1a,JOURNAL OF ENGINEERING DESIGN AND TECHNOLOGY,1726-0531
7bb7f75b-4e9e-4c0a-8718-6f77a4f80adb,"2022 INTERNATIONAL CONFERENCE ON CYBER-ENABLED DISTRIBUTED COMPUTING AND KNOWLEDGE DISCOVERY, CYBERC",2475-7020
798dbc6c-cbce-46b6-a071-b136f44fb7c1,COGENT ENGINEERING,2331-1916
cf449691-1751-4f03-8596-c1acab085a39,JOURNAL OF PINEAL RESEARCH,0742-3098
09df1210-bbfb-4e86-9b1a-be5ae7ddf313,MATHEMATICAL PROBLEMS IN ENGINEERING,1024-123X
b8ccc727-e6ff-4fd2-9578-c84bac943679,SUSTAINABLE CITIES AND SOCIETY,2210-6707
dd6f6322-11cf-4d1e-a408-6796c52c85c5,CIVILENG,
517052a6-fa95-400a-9879-d95ecfc602c8,"10TH NORDIC CONFERENCE ON CONSTRUCTION ECONOMICS AND ORGANIZATION, CEO 2019",2516-2853
3bfca793-bd53-43e9-b220-7b9938305879,JOURNAL OF CIVIL ENGINEERING EDUCATION,2643-9107
9279f633-d5b7-4cae-9505-13b627ccc6c5,BUILT ENVIRONMENT PROJECT AND ASSET MANAGEMENT,2044-124X
b1a94688-167f-4171-9cdb-0169ea067e40,REMOTE SENSING,2072-4292
4cd6bb75-a4b1-4cb8-bb99-db458013c5a1,ELECTRONICS,2079-9292
5b3c661f-25ee-4c7d-9f98-eb2e6eeae8f8,ARCHNET-IJAR INTERNATIONAL JOURNAL OF ARCHITECTURAL RESEARCH,2631-6862
7e77731e-7c12-453c-965f-63ba6992f39b,INTERNATIONAL JOURNAL OF ENGINEERING,1025-2495
65d0a4ad-a0fa-45b5-b575-e20d576be4f2,EXPERT SYSTEMS WITH APPLICATIONS,0957-4174
9945e5f3-c019-4001-90c9-f0e9b93e4d36,REVISTA DE LA CONSTRUCCION,0718-915X
33cb9848-1f3e-4663-90a3-b091388c2f65,JOURNAL OF CULTURAL HERITAGE,1296-2074
9fc19b8a-7a81-43aa-a0bb-52229b7c5725,REVISTA INGENIERIA DE CONSTRUCCION,0716-2952
60e200f5-e711-4f52-9f12-3f84a2fd91a1,ENGINEERING JOURNAL-THAILAND,0125-8281
e7151b49-c1a9-4a72-947b-8922b0d1e416,CELL DEATH AND DIFFERENTIATION,1350-9047
6bca4325-b9cb-4407-a743-83fc4081b1df,THERANOSTICS,1838-7640
2308b5e9-6fe7-43d5-9a6f-33ac7921f698,JOURNAL OF COMPUTING IN CIVIL ENGINEERING,0887-3801
8d53e4b2-8616-49df-820a-132eab0adae4,MULTIMEDIA TOOLS AND APPLICATIONS,1380-7501
8e4caead-18ab-4b13-8871-19f5f9bb79fe,INTERNATIONAL JOURNAL OF STRATEGIC PROPERTY MANAGEMENT,1648-715X
2ab01e19-c583-4b7d-b417-2edc1bdbf750,CIVIL ENGINEERING JOURNAL-TEHRAN,2676-6957
34b79e1b-cfeb-4826-a907-51d6c85d2e38,ICCREM 2021: CHALLENGES OF THE CONSTRUCTION INDUSTRY UNDER THE PANDEMIC,
0da479ed-43ad-414a-8c5d-ad5d045d3d5a,JOURNAL OF PROFESSIONAL ISSUES IN ENGINEERING EDUCATION AND PRACTICE,1052-3928
d6114f72-73ee-431c-b2dc-e0f01c6fa2d1,INTERNATIONAL JOURNAL OF TECHNOLOGY,2086-9614
2a5a7df2-a70f-4347-8975-e9913b2e6750,2019 3RD INTERNATIONAL WORKSHOP ON RENEWABLE ENERGY AND DEVELOPMENT (IWRED 2019),1755-1307
7685690c-b892-414c-878a-e937076078de,CELLULAR AND MOLECULAR LIFE SCIENCES,1420-682X
ebdd3c89-0608-489d-b02e-c3fc7c64f74d,APOPTOSIS,1360-8185
570f54f6-cf75-4d9c-a018-df64dc7d8f42,CONSTRUCTION RESEARCH CONGRESS 2020: INFRASTRUCTURE SYSTEMS AND SUSTAINABILITY,
fa850aeb-c565-410d-8571-acbbc9d59ee7,INTERNATIONAL JOURNAL OF ENGINEERING RESEARCH IN AFRICA,1663-3571
1a3e56f3-3bc7-49e7-9ec3-1d53d51e51b0,2ND INTERNATIONAL CONFERENCE ON MATERIALS TECHNOLOGY AND ENERGY,1757-8981
8847c9c1-35ad-4406-9746-37416041dac9,NEUROSCIENCE,0306-4522
3473b75b-1e2b-4c62-805e-ea989ac5e303,GRADEVINAR,0350-2465
928ab46c-6420-4f1f-b580-e810a2e38913,CONSTRUCTION RESEARCH CONGRESS 2020: COMPUTER APPLICATIONS,
b83c4c0a-523b-431f-b230-9fa7f2871c2f,BAUTECHNIK,0932-8351
ea4beb15-7765-4ab7-8038-b749c4767d6c,INTERNATIONAL JOURNAL OF PHARMACEUTICS-X,
ba859a87-79ad-4dc8-aa8f-ebc24da884c7,INTERNATIONAL JOURNAL OF ENGINEERING PEDAGOGY,2192-4880
a711f637-5318-4aea-95f8-2dfee4ec9e3e,DRUG DELIVERY,1071-7544
f73637d0-3c05-427b-82a0-df277d4b7433,TECHNOLOGICAL FORECASTING AND SOCIAL CHANGE,0040-1625
da78341e-cc14-4f06-9cd1-d7fb8ae6ab2e,COGENT BUSINESS & MANAGEMENT,2331-1975
be220dfe-c089-4de4-8665-ee8ea26bd647,INTERNATIONAL JOURNAL OF CIVIL ENGINEERING,1735-0522
d0818576-2d4b-4943-ae6b-7b93a10e6427,CRYSTENGCOMM,1466-8033
dbd537ab-150f-4f37-9873-380e4e1bb105,IEEE ACCESS,2169-3536
c8efed33-51d9-4927-b0bd-5b1e01ec5d27,DYES AND PIGMENTS,0143-7208
cdb6cda3-7d39-4514-ace6-78491e316fb1,INTERNATIONAL JOURNAL OF GEOGRAPHICAL INFORMATION SCIENCE,1365-8816
7714ffb9-319f-48dd-9dc6-03657693419e,"ADVANCES IN COMPUTER GRAPHICS, CGI 2023, PT I",0302-9743
2033672f-4580-4a3a-807a-e1a66d79237d,JOURNAL OF HIGH ENERGY PHYSICS,1029-8479
c969871e-dbef-41cd-98bc-f70150af2924,PHYSICAL REVIEW D,2470-0010
aae442c1-6dff-4725-958a-3c4ee5710201,JOURNAL OF BUILDING ENGINEERING,2352-7102
27eb6a5a-92c5-45c2-a212-5c73267bf1ec,INTERNATIONAL JOURNAL OF MANAGING PROJECTS IN BUSINESS,1753-8378
4922cbc2-bbcd-4f49-b3b4-c3371f138b33,COMPUTER APPLICATIONS IN ENGINEERING EDUCATION,1061-3773
cc286ad6-dd02-45b9-840a-4b98f424d8ff,ISPRS INTERNATIONAL JOURNAL OF GEO-INFORMATION,
9ad830da-e1a6-45ee-9355-11a597666dc6,PROCEEDINGS OF 2019 8TH INTERNATIONAL CONFERENCE ON EDUCATIONAL AND INFORMATION TECHNOLOGY (ICEIT 2019),
13ec3b05-1060-450d-a86c-3d9e9e062036,INDUSTRY AND HIGHER EDUCATION,0950-4222
c7fac044-9abb-4d5c-9323-592729292090,JURNAL KEJURUTERAAN,0128-0198
e73714fd-c153-4ff3-a69d-fcf339520b50,INTERNATIONAL JOURNAL OF ARCHITECTURAL COMPUTING,1478-0771
1afde51f-a7f6-4971-a6ad-e29c21a98c7c,JOURNAL OF ALZHEIMERS DISEASE,1387-2877
d95ef147-1aa0-4473-bd43-fd491a10604c,JOURNAL OF ADVANCED TRANSPORTATION,0197-6729
b47dbea0-d309-4335-ae59-573c49b75cd5,CIVIL AND ENVIRONMENTAL ENGINEERING REPORTS,2080-5187
7c80d79c-0a49-4fb9-87cc-7feccacdef0b,JOURNAL OF ENGINEERING SCIENCE AND TECHNOLOGY,
9440486c-f4ec-4ec7-9789-ea0f609c52ea,PROCEEDINGS OF THE SIXTEENTH INTERNATIONAL CONFERENCE ON MANAGEMENT SCIENCE AND ENGINEERING MANAGEMENT - VOL 1,2367-4512
ae5aa99d-6590-411b-a570-36f38a12d4d6,INTERNATIONAL JOURNAL OF ENERGY RESEARCH,0363-907X
b86259e8-ecc3-4038-b3f1-8ed2125ba56d,"SERVICE ORIENTED, HOLONIC AND MULTI-AGENT MANUFACTURING SYSTEMS FOR INDUSTRY OF THE FUTURE",1860-949X
1011a1d1-71be-446e-86e0-56a19aa69927,CLEAN TECHNOLOGIES AND ENVIRONMENTAL POLICY,1618-954X
df1eed2a-83f2-4ff2-82f2-4bc92194da09,JOURNAL OF ENGINEERING RESEARCH,2307-1877
5e1f0db9-d3dd-492a-911c-c2a5879dd702,BEHAVIORAL SCIENCES,
4edce284-6bf6-4d73-b594-eda4e4ff133f,COMPLEXITY,1076-2787
f52ed8b0-ab20-433d-a17c-14512a3aef7e,JOURNAL OF APPLIED ENGINEERING SCIENCES,2247-3769
27744996-1b11-4754-8a3b-1e886712c68b,JOURNAL OF ARCHITECTURAL ENGINEERING,1076-0431
e8afc6ab-11e8-483c-8952-896d928cb736,JOURNAL OF COLLOID AND INTERFACE SCIENCE,0021-9797
fba0bb1f-94c5-4d2a-bff8-e8e3ad442c6e,"CONSTRUCTION RESEARCH CONGRESS 2024: CONTRACTING, DELIVERY, SCHEDULING, ESTIMATING, ECONOMICS, AND ORGANIZATIONAL MANAGEMENT AND PLANNING IN CONSTRUCTION",
4000fd5b-5146-4a31-ac8b-613d4bf0d7bf,COMPUTER SUPPORTED COOPERATIVE WORK-THE JOURNAL OF COLLABORATIVE COMPUTING AND WORK PRACTICES,0925-9724
e9b35247-f4ad-47d4-beef-60bf7cca6b4e,LIFE-BASEL,
298eba6c-c539-489d-8d21-b59f2ab79436,AIMS ENVIRONMENTAL SCIENCE,2372-0344
7c03de65-73f1-4452-ad65-23657ae5d86d,"COMPUTER-AIDED ARCHITECTURAL DESIGN: HELLO, CULTURE, CAAD FUTURES 2019",1865-0929
2568c62b-a510-4491-ac5e-2584b6765635,VISION 2025: EDUCATION EXCELLENCE AND MANAGEMENT OF INNOVATIONS THROUGH SUSTAINABLE ECONOMIC COMPETITIVE ADVANTAGE,
b0a24ace-6366-4e3f-9bc3-c294264aeafa,COMPUTING IN CIVIL ENGINEERING 2021,
a434c060-0021-4303-bba9-7083c0cadc25,"2023 IEEE INTERNATIONAL CONFERENCE ON IMAGE PROCESSING, ICIP",1522-4880
eacb1efc-3885-46ba-b490-72592795b62d,COMPUTATIONAL INTELLIGENCE AND NEUROSCIENCE,1687-5265
fa75465d-cdce-4728-981e-f6401898fe37,"19TH 3D GEOINFO CONFERENCE 2024, VOL. 48-4",1682-1750
11553f0b-ac02-4544-bf0c-6980a15d050d,FRONTIERS OF ARCHITECTURAL RESEARCH,2095-2635
7f3f8548-6d6f-4727-acdb-fd9a272e41a0,INTERNATIONAL JOURNAL OF ENGINEERING EDUCATION,0949-149X
03ff6397-51af-4fef-a33b-1a2144b59765,"CONSTRUCTION RESEARCH CONGRESS 2020: PROJECT MANAGEMENT AND CONTROLS, MATERIALS, AND CONTRACTS",
5e827548-5d4b-4ab6-83ed-7aaacd87bf92,INTERNATIONAL JOURNAL OF PRODUCTIVITY AND PERFORMANCE MANAGEMENT,1741-0401
1a6c29a5-224c-4e46-8aff-8086009641d8,PROCEEDINGS OF THE 2019 INTERNATIONAL CONFERENCE ON INDUSTRIAL ENGINEERING AND SYSTEMS MANAGEMENT (IESM 2019),
548f2bd4-ca28-41bf-926b-c8511b9814e5,JOURNAL OF INFRASTRUCTURE SYSTEMS,1076-0342
d7bbaa31-8ac5-4a3f-99c2-3570b3a8ce5b,RECYCLING,
4b24fd97-5c11-4181-a1c8-63309351b51d,RESULTS IN ENGINEERING,2590-1230
e7a921e1-2df3-4ff9-a1c7-4db322cd0d9a,IIUM ENGINEERING JOURNAL,1511-788X
15d1f51c-59c6-4713-9643-6eb5f5cbf5fd,SCIENCE AND TECHNOLOGY FOR THE BUILT ENVIRONMENT,2374-4731
98a92fce-bf45-4fe7-96d0-5f6ec6bde3b5,CELL DEATH & DISEASE,2041-4889
92367b46-649e-4746-8a34-122926636855,HUMAN PATHOLOGY,0046-8177
b2b82838-611b-4937-823e-1e09a5799125,ELIFE,2050-084X
3b4542b2-765b-4a47-8012-aeb7e10bbe18,INTERNATIONAL JOURNAL OF DIGITAL EARTH,1753-8947
d870fabe-1bf8-4c23-9157-394d68e2d149,"ECAADE SIGRADI 2019: ARCHITECTURE IN THE AGE OF THE 4TH INDUSTRIAL REVOLUTION, VOL 2",
53a73945-b179-4b39-81c0-65b82bed395c,WIRELESS COMMUNICATIONS & MOBILE COMPUTING,1530-8669
bc1ea839-ea44-4c09-b33b-73d01ce73d06,JOURNAL OF TECHNICAL EDUCATION AND TRAINING,2229-8932
a55c4c69-1bfd-440b-997b-207f4cb83470,INORGANIC CHEMISTRY,0020-1669
04173f33-f4e5-4df1-b9a8-6c3e27a6ab44,CONSTRUCTION ECONOMICS AND BUILDING,1835-6354
ef7a0fbd-0199-4826-a01a-30be866e435f,ACTA STRUCTILIA,1023-0564
ec1e2e84-8148-45ea-ba43-76bf1852e56e,GENES & DEVELOPMENT,0890-9369
0e1ac161-ef4d-4230-a1ad-ecd3da6f49b6,JOURNAL OF PERFORMANCE OF CONSTRUCTED FACILITIES,0887-3828
3d00ac17-5cf3-40ba-97bb-30687919784a,PROCEEDINGS OF 2020 IEEE 2ND INTERNATIONAL CONFERENCE ON CIVIL AVIATION SAFETY AND INFORMATION TECHNOLOGY (ICCASIT),
0d272f4f-db3e-4801-a54c-0e2a164b3f0f,IEEE SYSTEMS JOURNAL,1932-8184
a1bafa73-8c83-417f-8773-511971909796,BALTIC JOURNAL OF ROAD AND BRIDGE ENGINEERING,1822-427X
de75e4b3-170f-49a6-9b10-4cc3e57fb93e,CANCER SCIENCE,1347-9032
9556cf4a-7c75-4af1-9e37-f6676bd2f54e,HERITAGE,2571-9408
a97daec2-db82-4554-90b8-09950fc2e726,CELL DEATH DISCOVERY,
4b99db7e-a3db-403d-952e-01a56d111f6a,ENTERPRISE INFORMATION SYSTEMS,1751-7575
f97e5793-944b-4d2f-b7a8-6943d8808aa0,IEEE OPEN JOURNAL OF THE COMPUTER SOCIETY,
5e072b6a-8a5b-4536-8aec-19125904ed76,JOURNAL OF GREEN BUILDING,1552-6100
e15afbb9-a6bf-4b0e-8437-7d79ed344738,ACS SENSORS,2379-3694
cdc65827-1733-4b49-81fd-6e53c82dc7b5,JOURNAL OF THE CHINESE INSTITUTE OF ENGINEERS,0253-3839
285583bb-0f4d-4545-a29d-e45daa505dbe,LUNG CANCER,0169-5002
71ae3904-dda8-454b-997c-c30771ab3a9b,PLOS ONE,1932-6203
acb0e70b-6ba1-425e-beb2-a60275df5572,PSYCHOLOGICAL REVIEW,0033-295X
58f41b66-0884-490d-8035-1f3a39a65338,ENERGY REPORTS,2352-4847
f17e41a8-dc60-4154-bd9e-9ce2c219087a,PROCEEDINGS OF THE SIXTH INTERNATIONAL CONFERENCE ON TRANSPORTATION ENGINEERING (ICTE 2019),
346f078b-b736-46e7-bcc9-951762ea5752,2020 6TH IEEE CONGRESS ON INFORMATION SCIENCE AND TECHNOLOGY (IEEE CIST'20),2327-185X
ecff6b6b-a2af-4f47-b536-67fb23040081,2021 7TH INTERNATIONAL CONFERENCE ON INFORMATION MANAGEMENT (ICIM 2021),
63c4a13b-f451-4a37-8f54-659cfb7bb69f,BETON- UND STAHLBETONBAU,0005-9900
7ac0389d-6a8f-4096-977c-b9ec4f4069d4,2019 INTERNATIONAL CONFERENCE ON SMART GRID AND ELECTRICAL AUTOMATION (ICSGEA),
864bca31-e040-4586-896d-7eb7c80b24ee,ISPRS TC IV 3RD BIM/GIS INTEGRATION WORKSHOP AND 15TH 3D GEOINFO CONFERENCE 2020,2194-9042
4966dd79-1830-4080-8326-6ff324d0d3f5,NATURE COMMUNICATIONS,
aff0be68-b7d0-4d8d-97c6-e6eff0b924c2,INTERNATIONAL JOURNAL OF LEAN SIX SIGMA,2040-4166
cae74912-35b4-4872-b194-c0459b696f92,INNOVATIVE INFRASTRUCTURE SOLUTIONS,2364-4176
0088202a-cace-4d8b-a44a-19c309e53e42,INTERNATIONAL CONFERENCE ON SUSTAINABLE CIVIL ENGINEERING STRUCTURES AND CONSTRUCTION MATERIALS (SCESCM 2018),2261-236X
1ccbf27a-5f00-4f87-aa67-156aee966f2e,EUROPEAN JOURNAL OF MEDICINAL CHEMISTRY,0223-5234
ef0ade09-25fe-4e18-80b3-d12a72b02c33,"CONSTRUCTION RESEARCH CONGRESS 2022: HEALTH AND SAFETY, WORKFORCE, AND EDUCATION",
eff8e75f-c648-4399-8c0e-7955e8d9244b,IJISPM-INTERNATIONAL JOURNAL OF INFORMATION SYSTEMS AND PROJECT MANAGEMENT,2182-7796
b71e04b5-89d1-432b-9c55-2469dea7cacf,JOURNAL OF TRANSPORTATION ENGINEERING PART B-PAVEMENTS,
39ed2e59-55a7-4d47-98e5-6ef1f3dc17fe,ENVIRONMENT-BEHAVIOUR PROCEEDINGS JOURNAL,2398-4287
b4ef8687-66aa-47e7-a577-96eb35f64fac,JOURNAL OF BIOCHEMISTRY,0021-924X
0a94e65a-ccca-493c-80a3-b3845cfca586,INTERNATIONAL JOURNAL OF PATTERN RECOGNITION AND ARTIFICIAL INTELLIGENCE,0218-0014
c987d796-2ab3-449e-ae86-c08bc9fc967f,"INTERNATIONAL CONFERENCE ON COMPUTER VISION, APPLICATION, AND DESIGN (CVAD 2021)",0277-786X
6ae662fe-c2ae-4ca9-b328-b75b69895dca,JOURNAL OF MEDICINAL CHEMISTRY,0022-2623
cfe6616e-816c-4377-9009-6f33a8b38062,SCIENTIA IRANICA,1026-3098
3e1b68f8-45b6-4084-9c8b-dbf8102d2832,"ECAADE 2023 DIGITAL DESIGN RECONSIDERED, VOL 1",2684-1843
b45ae609-3e89-42d3-a8e2-a9f662ee39c6,STRUCTURES,2352-0124
f6213cb9-4c57-4787-838b-0d79e6267853,JOURNAL OF DECISION SYSTEMS,1246-0125
e1ca5218-60c4-43e5-807a-9cb6da33176e,SMART STRUCTURES AND SYSTEMS,1738-1584
ebc236d4-c2ad-432c-abab-e234399b5846,CELLULAR & MOLECULAR BIOLOGY LETTERS,1425-8153
b56ae826-d440-42ac-abab-210a0962ead0,"DATA-DRIVEN MODELING FOR SUSTAINABLE ENGINEERING, ICEASSM 2017",2367-3370
825df6f3-3078-4467-9a16-f023246bd6ac,"13TH INTERNATIONAL TECHNOLOGY, EDUCATION AND DEVELOPMENT CONFERENCE (INTED2019)",2340-1079
6186c814-7418-4c45-accc-99efd0d4c0b9,DISCOVER MATERIALS,
ffb820ae-006f-46ed-990f-ed0f5b107952,SUSTAINABLE BUILDINGS AND STRUCTURES: BUILDING A SUSTAINABLE TOMORROW,
2c4fd712-82e2-4cae-8005-b4b4323b9d9a,AMAZONIA INVESTIGA,
5874398c-706b-4796-b48a-cfb28f5d4627,ARCHIVES OF CIVIL ENGINEERING,1230-2945
9427f8fc-0051-454c-b9a9-0df864b3947d,"ADVANCES IN HUMAN FACTORS, SUSTAINABLE URBAN PLANNING AND INFRASTRUCTURE",2194-5357
e5725513-95e4-4654-85a6-5c21417c48b3,IEEE TRANSACTIONS ON INDUSTRIAL INFORMATICS,1551-3203
6bb32131-a864-4a38-8c9c-fddb9bf830f3,GEOMATICS AND ENVIRONMENTAL ENGINEERING,1898-1135
